t,x,z,xdot,zdot,theta,thetadot
0.0,0.0,0.0,0.0,0.0,0.0,0.0
9.999999999999999e-05,2.1657467903850945e-08,5.2840375052985715e-08,0.00043314936028370697,0.00105680750059067,-6.497240338054974e-09,-0.00012994480676109958
0.0011,2.6205552184210494e-06,6.393685040883692e-06,0.0047646487887755265,0.011624881268214779,-7.861660809046523e-07,-0.0014293928743720956
0.0111,0.00026685841016185996,0.0006510427008242349,0.04808561433930302,0.11730434956127998,-8.005249820517538e-05,-0.014423873550482054
0.0611,0.008100563086800492,0.019723145679643075,0.26566078731913406,0.6454946730618751,-0.002425556260243022,-0.07939627693103185
0.1111,0.026900309357460253,0.06518598433536638,0.4872780079112563,1.172812145096761,-0.00801968019130836,-0.14436868031158165
0.16110000000000002,0.056965261123197226,0.13697400051903744,0.7162988978147873,1.6984752484276469,-0.016866801842495466,-0.20935990536767762
0.2111,0.09752108810022148,0.2352382468237619,0.8945183168700583,2.2340862571540177,-0.028598633571601407,-0.25587106856602965
0.2611,0.14544937878386788,0.3605223501414151,1.0145356689434146,2.778219782831239,-0.04209662218804116,-0.2809153923701742
0.3111,0.1983075284866203,0.5131243697241146,1.0944044878676131,3.326277766465693,-0.05641658465954058,-0.28951713916786154
0.3611,0.2544631888441986,0.6931775469461714,1.1485714841812262,3.8760198048046908,-0.07084485961517961,-0.28588565372609454
0.41109999999999997,0.3129271216774191,0.900737040799839,1.1883974332681664,4.426421198198946,-0.08485952718836445,-0.2734949163625549
0.46109999999999995,0.37321092780073917,1.1358229278511152,1.2226294311484387,4.977025073473511,-0.09809570708037456,-0.2551663992868183
0.5111,0.4352070867029939,1.3984389817431373,1.2578215446143317,5.52759656926456,-0.11031500196721158,-0.23315149467398982
0.5611,0.4990891548126639,1.6885817923290984,1.2987006553994815,6.077899959417675,-0.12137899356160957,-0.20921081950265555
0.6111000000000001,0.5651898483444093,2.0059300767180765,1.3465037302315865,6.612090946928159,-0.13122658575785998,-0.18468854676607538
0.6611000000000001,0.6338689360048204,2.3494014560428793,1.402042901179026,7.122915357620883,-0.13985491432998898,-0.16058058908526243
0.7111000000000002,0.7055377577669028,2.7178411937197424,1.4661778324207562,7.6109144860620415,-0.14730349779478552,-0.1375959919872124
0.7611000000000002,0.7806340153401876,3.1101213964277346,1.5391349240409222,8.076623449162604,-0.15364128257831305,-0.11621130179569136
0.8111000000000003,0.8595945583487947,3.525141079252042,1.620679619599553,8.520585490269028,-0.1589562318661208,-0.09671797714086483
0.8611000000000003,0.9428232717489945,3.9618280898398606,1.7087447609603768,8.943510667532921,-0.16334329683636736,-0.07880845860465843
0.9111000000000004,1.0303141386113808,4.419175567082094,1.7893865126053512,9.347257274861551,-0.1667888556048003,-0.05856908521057802
0.9611000000000004,1.1216571423135213,4.8962406180910545,1.8636473564587885,9.732222693359596,-0.16917184305053504,-0.036599737274528546
1.0111000000000003,1.2166361089829592,5.392087622021837,1.9352835950833511,10.09858034767876,-0.17044391368521059,-0.014317344306800945
1.0611000000000004,1.315176354756795,5.905793935850138,2.006334836287998,10.446657691974796,-0.17061332348676359,0.007391952685192944
1.1111000000000004,1.4172765779636807,6.4364554785872095,2.077783278291105,10.776861877659432,-0.16972346534150298,0.027983995379514806
1.1611000000000005,1.5229672224696182,6.9831897746299605,2.149971175135719,11.089646125376445,-0.16783900102671825,0.047136351488600396
1.2111000000000005,1.6322855637325284,7.545137777107155,2.222863863227975,11.38549215739813,-0.16503683865652066,0.064671450918427
1.2611000000000006,1.745261306577122,8.121465004318704,2.2962146277810693,11.664899386170806,-0.16140021485982703,0.08050717172579078
1.3111000000000006,1.861908753162973,8.71136222504754,2.3696673733051368,11.928377333369944,-0.15701478028399932,0.09462480323784356
1.3611000000000006,1.982223046219587,9.314045814444004,2.4428199647294853,12.176439890105282,-0.15196599053502255,0.10704803509169714
1.4111000000000007,2.1061789109625715,9.928757855505594,2.515262733624462,12.409600811946683,-0.14633735895648398,0.11782897176953752
1.4611000000000007,2.2337309007231125,10.554766039338425,2.5866013224648365,12.62837013578148,-0.14020928778782768,0.12703865359202796
1.5111000000000008,2.3648145192892405,11.191363405135354,2.6564696691419574,12.833251325245305,-0.13365829509974822,0.13476049701289078
1.5611000000000008,2.4993478257266446,11.837867952736199,2.724536802872532,13.024739009237766,-0.12675651849436287,0.1410856525004643
1.6111000000000009,2.6372332747751512,12.49362215476996,2.790509776240324,13.203317211856575,-0.11957141674626305,0.14610964570778273
1.661100000000001,2.7783596392602425,13.15799239089498,2.8541342072044142,13.369457994684256,-0.11216561606866324,0.14992989802151094
1.711100000000001,2.922603920170817,13.83036832312056,2.915193366612323,13.523620448293391,-0.10459686399450163,0.15264386695648502
1.761100000000001,3.0698331876591496,14.510162228336476,2.9735064056810954,13.6662499811747,-0.09691806440186412,0.15434763732298035
1.811100000000001,3.219906320120654,15.196808301799967,3.0289261013567397,13.797777862355591,-0.08917737413892443,0.15513485081535944
1.861100000000001,3.3726756237030453,15.889761943295701,3.081336359642378,13.91862097977038,-0.08141834636132173,0.15509589732640036
1.9111000000000011,3.5279883242367376,16.5884990358998,3.1306496290398025,14.029181780748898,-0.07368010892365653,0.1543173138308978
1.9611000000000012,3.6856879296744776,17.29251522568505,3.176804319967521,14.129848364387122,-0.06599756848826281,0.15288135108193743
2.011100000000001,3.845615464951839,18.001325209266312,3.2197622898889975,14.220994698450287,-0.05840163275181044,0.15086567773018575
2.061100000000001,4.0076105835427525,18.714462034784102,3.259506430614586,14.30298093608725,-0.05091944454314349,0.14834319774146368
2.111100000000001,4.17151256140423,19.43147642075128,3.296038379198138,14.37615381014395,-0.04357462263693749,0.14538196134370138
2.1611000000000007,4.337161179813926,20.151936096138666,3.3293763640860496,14.440847085315392,-0.036387505032941705,0.14204515291220918
2.2111000000000005,4.504397504016728,20.875425164147718,3.359553191811257,14.497382050781491,-0.02937539121663715,0.13839114164552158
2.2611000000000003,4.673064564749623,21.601543491309595,3.3866143753546254,14.54606803831573,-0.02255278057360413,0.1344735828584685
2.3111,4.843007949696843,22.32990612285614,3.4106164025510113,14.587202953107466,-0.015931604695931176,0.13034155938132655
2.3611,5.0140763117977025,23.060142724724066,3.431625141103275,14.621073806666736,-0.009521451807737249,0.1260397539949668
2.4111,5.186121801125633,23.79189705207225,3.4497143755678814,14.647957243155691,-0.0033297819579496003,0.12160864510410756
2.4610999999999996,5.359000426803998,24.524826443804937,3.464964470887039,14.668120052291536,0.002637868010493898,0.11708471898408387
2.5110999999999994,5.532572355139326,25.25860134229204,3.4774611565337845,14.681819663577906,0.008377690398400545,0.1125006929486616
2.5610999999999993,5.706702149847437,25.992904837251828,3.487294425023557,14.68930461803891,0.013887423918790963,0.10788574468866415
2.611099999999999,5.881258959930789,26.727432232601387,3.494557538373665,14.690815014853609,0.01916618250274711,0.10326574383185741
2.661099999999999,6.056116660442394,27.461890634976744,3.49934613602441,14.686582931325013,0.024214295669864543,0.09866348248074505
2.7110999999999987,6.231153951047336,28.195998562568548,3.5017574377479046,14.676832815478068,0.029033160344180395,0.09409890210346193
2.7610999999999986,6.4062544169708815,28.92948557290198,3.501889535145708,14.661781851279523,0.03362510387897283,0.08958931469064384
2.8110999999999984,6.581306556605175,29.66209190820359,3.499840765461678,14.641640297025301,0.03799325796135964,0.08514961655494743
2.861099999999998,6.756203779736812,30.39356815703613,3.495709161602197,14.616611797864717,0.042141442996643866,0.08079249354677169
2.911099999999998,6.930844380057049,31.12367493093924,3.489591972454298,14.586893673742697,0.04607406251968907,0.0765286167965874
2.961099999999998,7.105131485326418,31.852182554883534,3.48158524781649,14.55267718425749,0.049796007143423644,0.0723668283777804
3.0110999999999977,7.278972988287324,32.578870770424274,3.471783482501502,14.514147772067547,0.05331256753036405,0.06831431652039176
3.0610999999999975,7.452281461152575,33.303528450524595,3.4602793144294988,14.471485286551584,0.05662935585960964,0.06437678020150461
3.1110999999999973,7.624974056245429,34.025953325103906,3.4471632718000773,14.42486418944304,0.05975223525717964,0.06055858309771263
3.161099999999997,7.796972395128057,34.745951716452836,3.4325235647073686,14.374453744135534,0.06268725666017631,0.05686289701404353
3.211099999999997,7.968202448330487,35.46333828373954,3.4164459168412815,14.32041819029924,0.0654406025936435,0.05329183500631338
3.261099999999997,8.13859440758121,36.17793577591228,3.399013433196188,14.262916905367858,0.06801853735192888,0.04984657449407842
3.3110999999999966,8.308082552243604,36.88957479237882,3.380306499983422,14.202104554359126,0.07042736309282026,0.046527470722582016
3.3610999999999964,8.476605111478888,37.598093550913646,3.3604027132136016,14.138131229384364,0.07267338137183807,0.043334160977369925
3.4110999999999962,8.644104123486253,38.303337662309026,3.3393768326770394,14.071142580089372,0.07476285966509974,0.04026565998718722
3.461099999999996,8.810525293013566,39.00515991134512,3.3173007583038623,14.001279936153859,0.07670200245151493,0.03732044697162195
3.511099999999996,8.975817848187257,39.70342004370782,3.2942435261287337,13.928680422862445,0.07849692644822127,0.034496544801659285
3.5610999999999957,9.139933691282325,40.39799376551837,3.2702159766994146,13.854205999678934,0.0801536314027615,0.03179072240477908
3.6110999999999955,9.302822413935994,41.088839638969326,3.2451700779793753,13.779619132690351,0.08167780464207543,0.029193395504745034
3.6610999999999954,9.464435087892213,41.77595472099484,3.2191870938380815,13.704974790424702,0.08307462128283542,0.026695191760070285
3.711099999999995,9.62472672929377,42.45933620361077,3.1923401868197083,13.630275580475466,0.08434886920392357,0.024289776056568006
3.761099999999995,9.783655792360094,43.13898140650604,3.1646942302642276,13.555524017323973,0.08550507081508012,0.021972716398221417
3.811099999999995,9.941183821673254,43.81488777434275,3.1363082921435868,13.480722594653363,0.08654755892775862,0.019740766739245744
3.8610999999999946,10.097275204453803,44.48705287687651,3.107237218457519,13.40587382758407,0.0874805238259235,0.017591412462992534
3.9110999999999945,10.251896986607216,45.15547441063339,3.0775326437490005,13.33098027403449,0.08830804210664298,0.015522583147818077
3.9610999999999943,10.40501872950445,45.82015020128051,3.047243637399157,13.25604454207634,0.08903409402164378,0.01353247184276916
4.011099999999995,10.556612392857387,46.481078206120415,3.016417118608615,13.181069288213616,0.08966257360439606,0.011619422116157381
4.061099999999994,10.70665223439824,47.138256516346715,2.9850981247053094,13.106057210031198,0.09019729430792979,0.009781858187716057
4.111099999999994,10.855114720477525,47.79168335884253,2.9533299866632667,13.031011035576372,0.09064199188472391,0.00801824240903867
4.161099999999994,11.00197844386276,48.44135709740075,2.9211544461193313,12.955933511067215,0.09100032560661404,0.006327050064646043
4.211099999999994,11.147224046398849,49.08727623331075,2.8886117356873675,12.880827387985201,0.09127587851905129,0.004706755104517581
4.261099999999994,11.290834145067294,49.72943940529941,2.855740636413122,12.805695410240018,0.091472157166914,0.00315582273849115
4.3110999999999935,11.432793260537256,50.36784538884149,2.8225785211442416,12.730540301842785,0.09159259106533113,0.0016727063017500565
4.361099999999993,11.57308774765354,51.00249309487232,2.7891613893616194,12.655364755353672,0.09164053208477112,0.00025584674345219987
4.411099999999993,11.711705727528551,51.63338156794554,2.755523896962906,12.580171421255722,0.09161925385340491,-0.001096326308314521
4.461099999999993,11.848637021044732,52.260509983884376,2.721699383181218,12.504962898330561,0.09153195123771006,-0.002385392568802958
4.511099999999993,11.983873083660756,52.88387764697734,2.6877198959907678,12.429741725061437,0.0913817399356702,-0.003612938625311279
4.561099999999993,12.117406941468152,53.503483986769716,2.653616216823448,12.354510372056115,0.09117165620014987,-0.0047805552357713475
4.611099999999992,12.249233128477249,54.11932855450105,2.6194178850862078,12.279271235461037,0.09090465669951928,-0.005889834561410166
4.661099999999992,12.379347625130135,54.731411019237356,2.585153222758119,12.204026631324771,0.09058361851609319,-0.006942367434447378
4.711099999999992,12.50774779804873,55.33973116374412,2.5508493592136023,12.128778790860808,0.0902113392789822,-0.00793974072155409
4.761099999999992,12.634432341031113,55.94428888014385,2.5165322563357964,12.05352985655517,0.08979053742560525,-0.008883534818226041
4.811099999999992,12.759401217311138,56.54508416539894,2.4822267339333624,11.978281879062182,0.0893238525847912,-0.009775321293012462
4.8610999999999915,12.882655603096156,57.14211711665781,2.4479564954434654,11.903036814831264,0.08881384607372562,-0.010616660690303264
4.911099999999991,13.004197832396331,57.7353879264995,2.4137441538859377,11.827796524407997,0.08826300150073708,-0.011409100493953276
4.961099999999991,13.124031343157032,58.324896878109016,2.3796112580239166,11.752562771354123,0.08767372546591085,-0.012154173250032575
5.011099999999991,13.242160624703397,58.91064434041303,2.345578318681647,11.67733722173273,0.08704834835166979,-0.012853394844558889
5.061099999999991,13.358591166503652,59.49263076320287,2.3116648351686546,11.602121444107013,0.08638912519570834,-0.013508262930627311
5.111099999999991,13.473329408255251,60.07085667226926,2.277889321759958,11.526916910003223,0.08569823663896711,-0.014120255498545528
5.1610999999999905,13.586382691295407,60.64532266457084,2.2442693341836235,11.451724994790785,0.08497778994166676,-0.014690829582181372
5.21109999999999,13.697759211335212,61.2160294034562,2.2108214960692627,11.376546978935066,0.08422982006076354,-0.01522142009458322
5.26109999999999,13.807467972514292,61.78297761395691,2.1775615253137217,11.301384049580703,0.0834562907825366,-0.015713438785951408
5.31109999999999,13.915518742770812,62.34616807816728,2.14450426032306,11.226237302425924,0.08265909590435976,-0.016168273317158432
5.36109999999999,14.021922010519694,62.905601630724206,2.1116636860927676,11.151107743850728,0.08184006046004717,-0.016587286442197667
5.41109999999999,14.126688942630055,63.46127915439913,2.079052960091029,11.075996293264225,0.08100094198348694,-0.016971815293160965
5.461099999999989,14.22983134369122,64.01320157581212,2.046684437912595,11.00090378563878,0.08014343180559154,-0.0173231707615869
5.511099999999989,14.331361616555045,64.5613698612767,2.0145696986735024,10.925830974200906,0.07926915637989516,-0.01764263697027405
5.561099999999989,14.431292724140938,65.10578501278262,1.9827195701194178,10.850778533251097,0.07837967863241695,-0.017931470829910146
5.611099999999989,14.529638152488623,65.64644806412218,1.9511441534228178,10.775747061086882,0.07747649933168521,-0.01819090167512382
5.661099999999989,14.626411875042495,66.18336007716492,1.9198528476465162,10.70073708300551,0.07656105847508127,-0.018422130974817482
5.7110999999999885,14.72162831815039,66.7165221382839,1.8888543738532224,10.625749054364569,0.07563473668791193,-0.018626332111886953
5.761099999999988,14.81530232775861,67.2459353549361,1.858156798842879,10.550783363680798,0.07469885663185893,-0.01880465022767287
5.811099999999988,14.907449137284143,67.77160085239822,1.8277675585014594,10.475840335749087,0.07375468441968003,-0.01895820212672085
5.861099999999988,14.998084336644318,68.29351977065878,1.797693480746736,10.40092023476538,0.07280343103325232,-0.01908807623765174
5.911099999999988,15.087223842423407,68.81169326146596,1.7679408080582453,10.326023267438803,0.07184625374225274,-0.019195332626157944
5.961099999999988,15.174883869155085,69.32612248553068,1.7385152195802955,10.25114958607986,0.07088425752096474,-0.019281003056349656
6.0110999999999875,15.261080901699167,69.83680860988304,1.7094218527883729,10.176299291652953,0.0699184964608837,-0.019346091096872242
6.061099999999987,15.34583166869057,70.34375280538049,1.68066532471073,10.101472436782826,0.06894997517696841,-0.019391572268406317
6.111099999999987,15.429153117038101,70.84695624436483,1.6522497526982736,10.026669028705811,0.06797965020554993,-0.019418394229343574
6.161099999999987,15.511062387450318,71.34642009846529,1.6241787747371161,9.951889032157878,0.06700843139206597,-0.01942747699660411
6.211099999999987,15.591576790965483,71.84214553654421,1.5964555692993256,9.877132372192625,0.0660371832669359,-0.01941971319872689
6.261099999999987,15.670713786462455,72.33413372278187,1.569082874728504,9.802398936923334,0.06506672640803125,-0.019395968358522458
6.311099999999986,15.748490959129162,72.82238581489634,1.542063008157839,9.727688580184157,0.06409783878832809,-0.01935708120272645
6.361099999999986,15.824925999865265,73.30690296249422,1.5153978839592364,9.653001124106368,0.06313125710745247,-0.019303863996236393
6.411099999999986,15.900036685595541,73.78768630554818,1.4890890317230148,9.578336361606402,0.06216767810594727,-0.01923710289864908
6.461099999999986,15.973840860470528,74.26473697299643,1.4631376137684828,9.503694058783148,0.06120775986119964,-0.019157558340945898
6.511099999999986,16.046356417930976,74.73805608145993,1.4375444421864791,9.42907395722262,0.060252123064073175,-0.019065965420296163
6.5610999999999855,16.117601283612778,75.20764473407236,1.4123099954156684,9.354475776208723,0.05930135227538698,-0.018963034311065007
6.611099999999985,16.187593399069087,75.67350401941832,1.387434434355052,9.279899214839427,0.05835599716147702,-0.018849450690223885
6.661099999999985,16.256350706286558,76.13563501057497,1.3629176180157547,9.20534395404811,0.05741657370816244,-0.01872587617546669
6.711099999999985,16.3238911329727,76.59403876425237,1.3387591187157197,9.130809658530321,0.056483565412521884,-0.018592948774435302
6.761099999999985,16.390232578591657,77.0487163200278,1.314958236821457,9.05629597857657,0.055557424451962316,-0.018451283343552602
6.811099999999985,16.455392901125812,77.49966869966933,1.2915140150414721,8.981802551812178,0.05463857283013553,-0.018301472055052025
6.861099999999984,16.519389904540986,77.94689690654424,1.2684252522764374,8.907329004845465,0.05372740349932611,-0.018144084870878725
6.911099999999984,16.58224132693317,78.39040192510744,1.2456905170315655,8.832874954825865,0.052824281458998534,-0.01797967002221806
6.961099999999984,16.64396482933504,78.83018472046562,1.2233081603970108,8.758440010913818,0.05192954483025176,-0.017808754493485113
7.011099999999984,16.704577985160846,79.26624623801281,1.201276328602456,8.684023775664453,0.05104350590598557,-0.017631844509682776
7.061099999999984,16.76409827026848,79.69858740313288,1.1795929751523313,8.609625846327305,0.050166452176636366,-0.01744942602610486
7.1110999999999835,16.822543053618006,80.12720912096509,1.158255872548394,8.535245816064394,0.0492986473313892,-0.017261965219428018
7.161099999999983,16.879929588506105,80.5521122762285,1.1372626236066201,8.460883275089211,0.04844033223481924,-0.017069908979298335
7.211099999999983,16.936275004356403,80.97329773310143,1.1166106723755853,8.386537811729141,0.04759172587895903,-0.016873685399579296
7.261099999999983,16.991596299045895,81.39076633515216,1.0962973146636905,8.312209013414044,0.04675302631082813,-0.01667370426848381
7.311099999999983,17.0459103317481,81.80451890531728,1.0763197081827538,8.237896467593686,0.04592441153549918,-0.016470357556867925
7.361099999999983,17.099233816273983,82.21455624592419,1.0566748823156282,8.163599762586795,0.0451060403948094,-0.01626401990401414
7.4110999999999825,17.151583314892004,82.62087913875439,1.0373597475156253,8.08931848836454,0.0442980534218587,-0.016055049100282114
7.461099999999982,17.202975232609102,83.02348834514443,1.01837110434562,8.015052237271215,0.04350057367146567,-0.015843786566050254
7.511099999999982,17.2534258118948,83.42238460612127,0.9997056521647942,7.940800604684921,0.042713707526780435,-0.015630557826415703
7.561099999999982,17.30295112783099,83.8175686425693,0.9813599974710342,7.86656318962104,0.041937545482278835,-0.015415672981162398
7.611099999999982,17.351567083670417,84.20904115542616,0.963330661907048,7.792339595281214,0.04117216290338594,-0.015199427169546793
7.661099999999982,17.399289406787208,84.59680282590472,0.9456140899382881,7.718129429550567,0.04041762076299857,-0.014982101029487391
7.711099999999981,17.446133645003272,84.98085431573858,0.9282066562107889,7.6439323054458175,0.039673966355196134,-0.014763961150781966
7.761099999999981,17.492115163274768,85.36119626744896,0.9111046725970197,7.569747841516894,0.038941233986447166,-0.014545260522008508
7.811099999999981,17.537249140723215,85.73782930463044,0.8943043949378473,7.4955756622046135,0.03821944564463521,-0.014326238970799399
7.861099999999981,17.581550567996292,86.11075403225357,0.8778020294886747,7.421415398156897,0.03750861164624263,-0.014107123597208504
7.911099999999981,17.625034244943688,86.47997103698233,0.8615937390777856,7.347266686505959,0.036808731262043995,-0.013888129199919946
7.9610999999999805,17.667714778593883,86.84548088750454,0.8456756489848787,7.273129171108795,0.036119793321672686,-0.01366945869507479
8.011099999999981,17.70960658141798,87.2072841348733,0.8300438525477186,7.199002502753259,0.035441776797434946,-0.01345130352751799
8.061099999999982,17.75072386986727,87.5653813128581,0.8146944165047671,7.124886339331922,0.03477465136775469,-0.013233844074292896
8.111099999999983,17.79108066317147,87.91977293830368,0.7996233860815772,7.050780345985811,0.034118377960640565,-0.01301725004023319
8.161099999999983,17.83069078238506,88.27045951149556,0.7848267898286609,6.976684195220084,0.033472909277573674,-0.012801680845525285
8.211099999999984,17.869567849669416,88.6174415165305,0.7703006442184452,6.902597566993578,0.0328381902982202,-0.012587286005134184
8.261099999999985,17.907725287798975,88.96071942169101,0.7560409580088363,6.8285201487841185,0.032214158766378016,-0.012374205500005706
8.311099999999985,17.94517631987987,89.30029367982233,0.7420437363808149,6.754451635631369,0.03160074565757018,-0.012162570139976977
8.361099999999986,17.98193396926995,89.63616472871128,0.7283049848573742,6.680391730158939,0.030997875628701366,-0.011952501918344127
8.411099999999987,18.018011059689425,89.96833299146554,0.7148207130110015,6.606340142577377,0.030405467450195185,-0.011744114358052428
8.461099999999988,18.053420215511775,90.29679887689274,0.701586937966791,6.532296590669609,0.02982343442103187,-0.011537512849490414
8.511099999999988,18.08817386222482,90.62156277987833,0.6885996877081508,6.458260799760288,0.02925168476710629,-0.011332794979883133
8.561099999999989,18.12228422705229,90.94262508176165,0.6758550041919467,6.384232502670463,0.028690122023326176,-0.0111300508542935
8.61109999999999,18.15576333972654,91.25998615070927,0.6633489462797972,6.310211439658889,0.02813864539986959,-0.010929363408254256
8.66109999999999,18.188623033403363,91.57364634208523,0.6510775924921075,6.236197358351225,0.027597150133019405,-0.010730808712063729
8.711099999999991,18.220874945710204,91.88360599881732,0.6390370435912911,6.162190013658323,0.027065527820990476,-0.01053445626679047
8.761099999999992,18.252530519919407,92.18986545175912,0.6272234250005043,6.088189167684699,0.026543666745162713,-0.010340369292042087
8.811099999999993,18.283601006238403,92.49242502004721,0.6156328890640744,6.014194589628246,0.026031452177130286,-0.010148605005563024
8.861099999999993,18.314097463209098,92.79128501145314,0.6042616171556712,5.940206055672181,0.025528766671973693,-0.009959214894735039
8.911099999999994,18.344030759208984,93.08644572272992,0.5931058216401296,5.8662233488701405,0.025035490348157566,-0.009772244980062196
8.961099999999995,18.373411574046806,93.37790743995244,0.5821617476946979,5.792246259025284,0.024551501154452725,-0.009587736070730234
9.011099999999995,18.40225040064588,93.6656704388519,0.5714256749953401,5.718274582564232,0.024076675124276456,-0.009405724012336173
9.061099999999996,18.430557546808494,93.94973498514372,0.5608939192735899,5.644308122406572,0.023610886617839878,-0.009226239926891934
9.111099999999997,18.458343137054992,94.23010133484881,0.5505628337493057,5.570346687830647,0.02315400855248606,-0.009049310445209627
9.161099999999998,18.485617114531543,94.50676973460811,0.5404288104445467,5.4963900943362765,0.022705912621596942,-0.008874957931783412
9.211099999999998,18.512389242980696,94.7797404219902,0.5304882813836417,5.422438163504998,0.022266469502441315,-0.008703200702285613
9.261099999999999,18.538669108769234,95.04901362579182,0.5207377196843933,5.348490722858417,0.021835549053330048,-0.008534053233801134
9.3111,18.564466122967943,95.3145895663313,0.5111736405452175,5.274547605715152,0.02141302050043853,-0.008367526367926157
9.3611,18.589789523478235,95.57646845573487,0.5017926021328836,5.200608651046871,0.020998752614649865,-0.008203627506861459
9.411100000000001,18.614648377200783,95.83465049821561,0.4925912063753877,5.126673703333839,0.020592613878765754,-0.008042360802633819
9.461100000000002,18.639051582241507,96.08913589034535,0.4835660996643549,5.052742612420388,0.020194472645425288,-0.007883727339580588
9.511100000000003,18.663007870150512,96.33992482131923,0.47471397347123495,4.978815233370665,0.019804197286065077,-0.007727725310235506
9.561100000000003,18.68652580818976,96.58701747321308,0.4660315648814286,4.904891426325006,0.019421656331247136,-0.0075743501847555395
9.611100000000004,18.709613801625494,96.83041402123371,0.4575156570503473,4.8309710563572095,0.019046718602673977,-0.007423594874029587
9.661100000000005,18.73228009604158,97.07011463396195,0.44916307958528584,4.757053993333013,0.018679253337203258,-0.0072754498866113605
9.711100000000005,18.754532779670182,97.30611947358885,0.4409707088568609,4.683140111769993,0.0183191303031672,-0.00712990347961958
9.761100000000006,18.7763797857363,97.53842869614472,0.4329354682436448,4.609229290699123,0.01796621990929481,-0.006986941803749089
9.811100000000007,18.797828894812973,97.76704245172141,0.4250543283135027,4.535321413528177,0.01762039330652781,-0.006846549042536828
9.861100000000008,18.818887737184017,97.99196088468776,0.4173243069450236,4.461416367907158,0.017281522483013845,-0.006708707546026986
9.911100000000008,18.839563795211404,98.21318413389841,0.40974246939231435,4.387514045595899,0.016949480352553493,-0.006573397958978526
9.961100000000009,18.85986440570455,98.43071233289604,0.4023059282963167,4.31361434233397,0.016624140836770347,-0.006440599343759212
10.01110000000001,18.879796762288862,98.6445456101071,0.39501184364568853,4.2397171577130095,0.016305378941266255,-0.006310289298068192
10.06110000000001,18.899367917771176,98.85468408903134,0.38785742269018675,4.165822395051575,0.01599307082601674,-0.006182444067629912
10.111100000000011,18.918584786499693,99.06112788842503,0.3808399198093739,4.091929961272598,0.01568709387025452,-0.006057038653999615
10.161100000000012,18.937454146716313,99.26387712247823,0.3739566363393712,4.018039766783507,0.015387326732082048,-0.005934046917620698
10.211100000000012,18.955982642899304,99.462931900986,0.36720492036027436,3.9441517253590805,0.015093649403046984,-0.005813441676272449
10.261100000000013,18.974176788094415,99.65829232951396,0.3605821664467469,3.870265754027068,0.014805943257907678,-0.0056951947990450105
10.311100000000014,18.99204296623265,99.84995850955806,0.35408581538420947,3.79638177295661,0.014524091099808885,-0.0055792772959773656
10.361100000000015,19.009587434433037,100.03793053869904,0.3477133538529453,3.7224997053494806,0.014247977201081218,-0.0054656594034918635
10.411100000000015,19.026816325288845,100.2222085107513,0.3414623140823491,3.6486194773341643,0.013977487339871218,-0.005354310665757365
10.461100000000016,19.04373564913581,100.40279251590668,0.33533027347745703,3.5747410178627685,0.013712508832802315,-0.00524520001211142
10.511100000000017,19.060351296301057,100.57968264087312,0.3293148542198021,3.50086425861077,0.013452930563860549,-0.0051382958306691005
10.561100000000017,19.076669039331424,100.75287896900836,0.32341372284455705,3.4269891338795806,0.013198643009692552,-0.005033566038244577
10.611100000000018,19.09269453520014,100.92238158044894,0.3176245897958412,3.3531155805019144,0.01294953826149704,-0.0049309781467096695
10.661100000000019,19.108433327490708,101.08819055223435,0.3119452089619845,3.2792435377499363,0.012705510043684915,-0.0048304993259105896
10.71110000000002,19.12389084855714,101.25030595842682,0.30637337719246477,3.20537294724616,0.012466453729477097,-0.004732096463262365
10.76110000000002,19.139072421659556,101.40872787022667,0.3009069337981552,3.1315037528770593,0.012232266353603229,-0.004635736220138233
10.811100000000021,19.15398326307447,101.56345635608339,0.29554376003644556,3.057635900709364,0.012002846622258654,-0.004541385085168318
10.861100000000022,19.16862848417894,101.71449148180261,0.29028177858272697,2.9837693389089868,0.011778094920471388,-0.00444900942456012
10.911100000000022,19.183013093508,101.8618333106491,0.28511895298966006,2.9099040176625492,0.01155791331702522,-0.0043585755295505214
10.961100000000023,19.19714199878478,102.00548190344591,0.28005328713557953,2.836039889101452,0.01134220556707968,-0.004270049661097077
11.011100000000024,19.211020008922794,102.14543731866972,0.2750828246633192,2.7621769072284423,0.011130877112622275,-0.004183398091912985
11.061100000000025,19.224651835999964,102.28169961254265,0.2702056484106815,2.6883150278466275,0.010923835080883243,-0.004098587145948807
11.111100000000025,19.238042097203973,102.41426883912057,0.26541987983370946,2.6144542084908826,0.010720988280837961,-0.004015583235420145
11.161100000000026,19.251195316748632,102.54314505037796,0.2607236784238643,2.5405944083615966,0.010522247197917292,-0.003934352895479663
11.211100000000027,19.26411592776097,102.66832829628967,0.25611524112015044,2.466735588260701,0.010327523987041223,-0.003854862816627754
11.261100000000027,19.27680827413883,102.78981862490937,0.25159280171717596,2.3928777105299295,0.010136732464086586,-0.0037770798749547363
11.311100000000028,19.28927661237879,102.90761608244507,0.24715463027008222,2.319020738991246,0.009949788095894994,-0.0037009711603044116
11.361100000000029,19.301525113374247,103.02172071333169,0.24279903249722548,2.2451646388893876,0.009766607988922735,-0.0036265040024467286
11.41110000000003,19.313557864183633,103.13213256030078,0.23852434918144225,2.171309376836464,0.00958711087663003,-0.0035536459953445345
11.46110000000003,19.32537886976864,103.23885166444755,0.23432895557068406,2.0974549207585613,0.009411217105702861,-0.003482365019597351
11.511100000000031,19.336992054702513,103.34187806529535,0.23021126077875856,2.023601239844281,0.00923884862119653,-0.003412629263142075
11.561100000000032,19.34840126484835,103.44121180085742,0.22616970718687243,1.9497483044951736,0.009069928950686102,-0.0033444072402890146
11.611100000000032,19.359610269007558,103.53685290769644,0.22220276984662674,1.8758960862779968,0.008904383187505112,-0.0032776678091685357
11.661100000000033,19.370622760538485,103.62880142098159,0.2183089558850748,1.8020445578787525,0.008742137973150124,-0.003212380187661567
11.711100000000034,19.381442358945367,103.71705737454339,0.21448680391241454,1.7281936930584418,0.008583121478925185,-0.0031485139678851496
11.761100000000035,19.392072611437754,103.80162080092641,0.21073488343284738,1.654343466610485,0.008427263386896712,-0.0030860391293014446
11.811100000000035,19.402516994460548,103.88249173143986,0.20705179425910145,1.5804938543197564,0.008274494870225923,-0.00302492605051684
11.861100000000036,19.41277891519488,103.95967019620612,0.2034361659310809,1.5066448329231772,0.008124748572942736,-0.0029651455198353707
11.911100000000037,19.42286171303003,104.03315622420745,0.19988665713907125,1.4327963800718169,0.007977958589221833,-0.0029066687446287266
11.961100000000037,19.432768661006623,104.10294984333073,0.1964019551518968,1.358948474294454,0.007834060442218556,-0.0028494673595827013
12.011100000000038,19.44250296723138,104.16905108041054,0.1929807752503982,1.285101094962544,0.007692991062519353,-0.0027935134338781466
12.061100000000039,19.452067776263664,104.23145996127033,0.18962186016656632,1.211254222256549,0.007554688766258662,-0.002738779477362095
12.11110000000004,19.461466170474147,104.29017651076217,0.18632397952864474,1.1374078371335776,0.007419093232951326,-0.002685238445763554
12.16110000000004,19.47070117137587,104.34520075280471,0.1830859293124815,1.0635619212962957,0.007286145483087049,-0.002632863745005124
12.211100000000041,19.47977574092806,104.3965327104198,0.179906531299391,0.9897164571630552,0.007155787855530801,-0.0025816292346613175
12.261100000000042,19.488692748802258,104.44417735282475,0.17678115087913096,0.9163852787768457,0.007027963711459595,-0.0025315519129386834
12.311100000000042,19.497454544853348,104.48821227600573,0.173697704920207,0.8454259834494612,0.00690260425875219,-0.0024831663524231004
12.361100000000043,19.506063233741887,104.52876079725279,0.1706570879182322,0.7769175137001589,0.0067796093879028425,-0.002437030817775071
12.411100000000044,19.514520982541665,104.56594371971761,0.1676601819238712,0.7107906437080254,0.006658859627744555,-0.0023933814115962787
12.461100000000044,19.522829984162588,104.59987842981191,0.1647071963573448,0.6469779228953338,0.006540229168348441,-0.002352252694777084
12.511100000000045,19.530992431239664,104.63067898494718,0.1617979472005751,0.5854136350018855,0.0064235937167099,-0.0023135602263042528
12.561100000000046,19.539010501168256,104.65845619922786,0.15893203153335414,0.5260337572205214,0.006308835047220901,-0.0022771525292957693
12.611100000000047,19.546886348078285,104.68331772711016,0.1561089355782303,0.4687759197320659,0.0061958434765850764,-0.002242843611458983
12.661100000000047,19.554622099076557,104.70536814505222,0.15332810058031726,0.41357936584421073,0.006084519044877657,-0.0022104331318052364
12.711100000000048,19.56221985306547,104.7247090311887,0.15058896202175837,0.36038491285414026,0.0059747718990176505,-0.0021797187316968014
12.761100000000049,19.56968168107015,104.74143904306827,0.1478909720416176,0.3091349137015659,0.005866522193108188,-0.002150503407392953
12.81110000000005,19.577009627403083,104.7556539934942,0.1452336113427258,0.25977321944574916,0.005759699704350031,-0.002122599755266781
12.86110000000005,19.584205711248014,104.76744692450968,0.14261639457880568,0.21224514257961904,0.005654243289588591,-0.0020958322542338134
12.91110000000005,19.591271928405263,104.7769081795698,0.14003887175677204,0.1664974211815201,0.005550100260742222,-0.002070038325188968
12.961100000000052,19.598210253042414,104.78412547394193,0.1375006272598416,0.12247818389748458,0.00544722572764032,-0.0020450686367152453
13.011100000000052,19.605022639358708,104.78918396337579,0.135001277505235,0.08013691574235332,0.005345581937965814,-0.002020786954094559
13.061100000000053,19.611711023112047,104.7921663110837,0.1325404678735138,0.039424424705397566,0.0052451376320907465,-0.001997069719067284
13.111100000000054,19.618277322982895,104.79315275307088,0.13011786930697267,0.0002928091446116124,0.005145867423094217,-0.001973805478122762
13.161100000000054,19.624723441765173,104.79222116185488,0.127733174822268,-0.037304574046911794,0.0050477512075523135,-0.0019508942328681582
13.211100000000055,19.63105126738389,104.78944710861228,0.1253860960858913,-0.07341314051941944,0.00495077360976665,-0.0019282467579783012
13.261100000000056,19.637262673745017,104.78490392378994,0.1230763601399836,-0.10807710880668076,0.004854923460300263,-0.0019057839144924706
13.311100000000057,19.643359521426518,104.77866275621743,0.12080370632743419,-0.14133952994471102,0.004760193308602511,-0.0018834359750379802
13.361100000000057,19.64934365822113,104.77079263075612,0.11856788344101707,-0.17324231638560503,0.004666578968864754,-0.0018611419705416932
13.411100000000058,19.655216919542475,104.76136050451996,0.11636864710624402,-0.2038262702227567,0.004574079097888693,-0.0018388490636113929
13.461100000000059,19.66098112870613,104.75043132170177,0.11420575739833327,-0.2331311107434256,0.004482694803563202,-0.0018165119510652906
13.51110000000006,19.666638097097334,104.73806806703853,0.11207897668807895,-0.2611955013242733,0.0043924292824662516,-0.0017940922964402566
13.56110000000006,19.672189624236523,104.72433181794784,0.10998806770810957,-0.2880570756851519,0.004303287485093685,-0.0017715581923271495
13.61110000000006,19.677637497753484,104.70928179536759,0.10793279182918718,-0.313752463516083,0.004215275807239709,-0.0017488836518157747
13.661100000000062,19.682983493280314,104.69297541332948,0.10591290753527584,-0.3383173154920295,0.004128401806098339,-0.001726048128025072
13.711100000000062,19.688229374272908,104.67546832729694,0.10392816908575231,-0.36178632768972663,0.0040426739397104745,-0.001703036060545554
13.761100000000063,19.693376891769937,104.65681448129682,0.10197832535312402,-0.3841932654205113,0.003958101328441564,-0.0016798364475682046
13.811100000000064,19.69842778409791,104.6370661538737,0.10006311882482667,-0.405570986492769,0.003874693537236154,-0.0016564424424788588
13.861100000000064,19.703383776530167,104.61627400289517,0.09818228475799703,-0.4259514639173021,0.0037924603774559073,-0.0016328509737313264
13.911100000000065,19.70824658090722,104.59448710923539,0.09633555047651715,-0.44536580806861986,0.003711411727165736,-0.0016090623868656876
13.961100000000066,19.71301789522528,104.571753019364,0.09452263480005543,-0.463844288314847,0.0036315573687879113,-0.0015850801075965443
14.011100000000067,19.71769940319936,104.5481177868665,0.09274324759527802,-0.4814163541286581,0.0035529068430962684,-0.001560910324957221
14.061100000000067,19.722292773806746,104.52362601292188,0.0909970894398517,-0.49811065569135876,0.0034754693185718097,-0.0015365616935450797
14.111100000000068,19.726799660816344,104.49832088576238,0.08928385139030252,-0.5139550640019546,0.003399253475187358,-0.0015120450539690775
14.161100000000069,19.731221702308815,104.47224421914,0.08760321484522791,-0.5289766905027754,0.003324267401732513,-0.0014873731706528208
14.21110000000007,19.73556052019211,104.44543648982349,0.08595485149577922,-0.5432019062329608,0.003250518505831323,-0.001462560486193455
14.26110000000007,19.739817719716513,104.41793687414942,0.08433842335574226,-0.5566563605208444,0.0031780134358439455,-0.0014376228915207743
14.31110000000007,19.743994888993058,104.3897832836497,0.08275358286393539,-0.5693649992260292,0.0031067580138803568,-0.001412577511139482
14.361100000000071,19.748093598518714,104.36101239977823,0.08119997305202625,-0.5813520825416902,0.0030367571791891385,-0.001387442502773177
14.411100000000072,19.752115400711467,104.33165970775806,0.07967722777123583,-0.5926412023674035,0.002968014941217616,-0.001362236870760588
14.461100000000073,19.756061829458066,104.30175952957056,0.07818497197175366,-0.6032552992625584,0.0029005343416713563,-0.0013369802925837304
14.511100000000074,19.75993439967695,104.27134505610714,0.07672282202902962,-0.6132166789901845,0.0028343174249313937,-0.001311692957933661
14.561100000000074,19.763734606898552,104.24044837850379,0.07529038611143762,-0.6225470286607904,0.002769365216216663,-0.001286395419743295
14.611100000000075,19.76746392686488,104.20910051867833,0.07388726458412653,-0.6312674324855967,0.0027056777069070755,-0.001261108456639063
14.661100000000076,19.771123815150137,104.17733145908944,0.07251305044417969,-0.6393983871483264,0.0026432538464696014,-0.0012358529462827394
14.711100000000076,19.774715706803743,104.1451701717366,0.07116732978250112,-0.6469598168045032,0.0025820915404556593,-0.0012106497490934841
14.761100000000077,19.77824101601706,104.112644646419,0.06984968226813301,-0.653971087717005,0.0025221876540632,-0.001185519601857558
14.811100000000078,19.781701135814796,104.0797819182718,0.06855968165098349,-0.6604510225364156,0.0024635380207810743,-0.0011604830207489554
14.861100000000079,19.785097437771928,104.04660809459696,0.06729689627920815,-0.6664179142345199,0.0024061374556567485,-0.00113556021329917
14.91110000000008,19.78843127175679,104.01314838100588,0.06606088962774784,-0.6718895396990983,0.0023499797727511307,-0.0011107709988697322
14.96110000000008,19.791703965700794,103.97942710689064,0.06485122083476508,-0.6768831729979846,0.0022950578063662772,-0.001086134737193276
15.01110000000008,19.79491682539512,103.9454677502402,0.06366744524296326,-0.6814155983201677,0.0022413634356530975,-0.001061670264563564
15.061100000000081,19.798071134314505,103.91129296181734,0.06250911494299542,-0.6855031226015403,0.002188887612226858,-0.0010373958372666117
15.111100000000082,19.801168153468243,103.8769245887121,0.06137577931638941,-0.689161587842719,0.0021376203904383555,-0.0010133290818579981
15.161100000000083,19.804209121278227,103.84238369728693,0.06026698557562262,-0.6924063831261914,0.002087550959968086,-0.0009894869519028997
15.211100000000084,19.807195253483915,103.80769059552824,0.05918227929918124,-0.6952524563398755,0.0020386676804295912,-0.0009658856908078443
15.261100000000084,19.810127743073856,103.77286485481908,0.058121204959627366,-0.6977143256140145,0.0019909581176864584,-0.0009425408003840114
15.311100000000085,19.81300776024342,103.73792533114687,0.05708330644288249,-0.6998060904781696,0.0019444090816051335,-0.0009194670147942025
15.361100000000086,19.815836452378228,103.70289018576031,0.056068127557107286,-0.7015414427449167,0.001899006664982845,-0.00089667827954618
15.411100000000086,19.818614944062748,103.66777690528865,0.055075212529723146,-0.7029336771267022,0.0018547362834065234,-0.0008741877352061855
15.461100000000087,19.82134433711341,103.63260232133672,0.054104106491281015,-0.7039957015921585,0.0018115827158146048,-0.0008520077055183859
15.511100000000088,19.824025710635564,103.59738262956854,0.05315435594502875,-0.7047400474680415,0.0017695301455490854,-0.0008301496896257511
15.561100000000089,19.826660121103536,103.56213340829207,0.05222550922117278,-0.7051788792928035,0.001728562201700114,-0.0008086243580996861
15.61110000000009,19.829248602463004,103.52686963655728,0.051317116914962706,-0.7053240044276793,0.0016886620005597869,-0.0007874415524961311
15.66110000000009,19.831792166254832,103.49160571177977,0.05042873230785422,-0.7051868824310256,0.001649812187015655,-0.0007666102881666406
15.71110000000009,19.83429180175957,103.4563554669013,0.0495599117711254,-0.7047786342015234,0.0016119949757277573,-0.0007461387600636643
15.761100000000091,19.83674847616164,103.42113218709896,0.04871021515143189,-0.7041100508957189,0.0015751921919457848,-0.0007260343512892337
15.811100000000092,19.839163134732377,103.38594862605393,0.04787920613789552,-0.7031916026252567,0.001539385311835224,-0.0007063036441478125
15.861100000000093,19.84153670103092,103.35081702179076,0.04706645261041541,-0.7020334469390331,0.0015045555021930778,-0.0006869524334731183
15.911100000000094,19.843870077122073,103.31574911209786,0.04627152696898633,-0.700645437095373,0.001470683659444973,-0.0006679857420099957
15.961100000000094,19.846164143810153,103.28075614953951,0.04549400644389162,-0.6990371301292231,0.0014377504478261958,-0.0006494078376414545
16.011100000000095,19.848419760887847,103.24584891606952,0.04473347338672142,-0.6972177947192318,0.0014057363366594036,-0.0006312222522620543
16.061100000000096,19.850637767399153,103.21103773725643,0.043989515542237435,-0.6951964188594756,0.001374621636651494,-0.0006134318021075172
16.111100000000096,19.85281898191545,103.17633249612997,0.04326172630117647,-0.6929817173404835,0.0013443865351413494,-0.0005960386093609067
16.161100000000097,19.854964202823716,103.14174264665805,0.04254970493414462,-0.6905821390441014,0.0013150111302389408,-0.0005790441248642075
16.211100000000098,19.857074208625967,103.10727722686363,0.04185305680681626,-0.6880058740566316,0.0012864754638045857,-0.0005624491517748268
16.2611000000001,19.85914975824903,103.07294487159044,0.04117139357669855,-0.685260860604584,0.0012587595532249612,-0.0005462538700137958
16.3111000000001,19.86119159136365,103.03875382492608,0.04050433337177474,-0.6823547918172717,0.0012318434219499173,-0.0005304578613627814
16.3611000000001,19.86320042871213,103.00471195229143,0.03985150095137987,-0.6792951223203849,0.001205707128761044,-0.0005150601350748984
16.4111000000001,19.86517697244355,102.9708267522044,0.03921252784970164,-0.6760890746645867,0.0011803307957495076,-0.0005000591538728289
16.4611000000001,19.867121906455733,102.93710536772635,0.038587052502333956,-0.6727436455930723,0.0011556946349867766,-0.0004854528602160859
16.511100000000102,19.86903589674315,102.90355459759901,0.0379747203563411,-0.6692656121519495,0.0011317789738775664,-0.00047123870272723325
16.561100000000103,19.870919591749903,102.87018090707987,0.03737518396431543,-0.6656615376472025,0.0011085642791896636,-0.00045741366267410607
16.611100000000103,19.872773622727028,102.83699043848328,0.036788103062937186,-0.6619377774519196,0.0010860311797602227,-0.00044397428041329873
16.661100000000104,19.874598604093357,102.80398902143504,0.03621314463656134,-0.6581004846673741,0.0010641604878827158,-0.0004309166817065487
16.711100000000105,19.876395133799182,102.77118218284744,0.03564998296637574,-0.654155615641468,0.0010429332193829344,-0.00041823660382937604
16.761100000000106,19.87816379369204,102.73857515662182,0.03509829966568581,-0.6501089353479661,0.0010223306123963184,-0.00040592942139746843
16.811100000000106,19.879905149883914,102.7061728930857,0.034557783701892594,-0.6459660226298678,0.0010023341448624483,-0.0003939901718429961
16.861100000000107,19.88161975311924,102.67398006817093,0.034028131405737926,-0.6417322753101835,0.0009829255507557719,-0.0003824135804790402
16.911100000000108,19.88330813914303,102.64200109233973,0.033509046468396614,-0.6374129151733132,0.0009640868350745827,-0.0003711940850964613
16.96110000000011,19.88497082906859,102.6102401192646,0.033000239926997466,-0.6330129928201422,0.0009458002876128985,-0.0003603258600429403
17.01110000000011,19.88660832974422,102.57870105426879,0.03250143013915702,-0.6285373923999027,0.0009280484955422743,-0.00034980283973967864
17.06110000000011,19.888221134118393,102.54738756253303,0.03201234274710613,-0.6239908362217752,0.0009108143548326826,-0.00033961874159567834
17.11110000000011,19.88980972160287,102.51630307707475,0.03153271063198998,-0.6193778892491357,0.0008940810805434621,-0.00032976708828545096
17.16110000000011,19.89137455843332,102.48545080650536,0.031062273858913456,-0.6147029634792879,0.0008778322160169436,-0.0003202412293595507
17.211100000000112,19.892916098026955,102.45483374257138,0.0306007796133009,-0.6099703222114488,0.0008620516410087602,-0.0003110343621626912
17.261100000000113,19.894434781336788,102.42445466748501,0.03014798212912805,-0.6051840842056987,0.0008467235787900332,-0.00030213955203741094
17.311100000000113,19.895931037202107,102.39431616104925,0.02970364260957806,-0.6003482277355371,0.0008318326022575976,-0.00029354975179607845
17.361100000000114,19.897405282694805,102.36442060758311,0.029267529140660768,-0.5954665945366246,0.0008173636390892285,-0.00028525782044699167
17.411100000000115,19.89885792346122,102.33477020265191,0.028839416598324483,-0.5905428936542365,0.0008033019759814285,-0.0002772565411642143
17.461100000000116,19.900289354059193,102.30536695960765,0.02841908654957673,-0.5855807051918855,0.000789633262007791,-0.00026953863849384297
17.511100000000116,19.901699958290024,102.27621271594442,0.028006327148116465,-0.5805834839635211,0.0007763435111362383,-0.00026209679479216716
17.561100000000117,19.9030901095251,102.24730913947356,0.027600933024969267,-0.5755545630516532,0.00076341910394358,-0.0002549236658948412
17.611100000000118,19.904460171026923,102.21865773432312,0.027202705174598413,-0.5704971572736923,0.0007508467885658312,-0.00024801189601751856
17.66110000000012,19.905810496264362,102.19025984676638,0.026811450836953854,-0.5654143665587452,0.0007386136809226328,-0.00024135413189206012
17.71110000000012,19.907141429221888,102.1621166708837,0.026426983375902595,-0.5603091792370539,0.0007267072642538657,-0.00023494303614368406
17.76110000000012,19.908453304702675,102.13422925406195,0.026049122154470448,-0.5551844752442122,0.0007151153880062163,-0.00022877129991714357
17.81110000000012,19.909746448625377,102.10659850233588,0.025677692407306767,-0.5500430292422441,0.0007038262661070217,-0.00022283165476119228
17.86110000000012,19.91102117831446,102.07922518557551,0.025312525110770756,-0.5448875136595809,0.0006928284746621882,-0.00021711688378323824
17.911100000000122,19.91227780278402,102.05210994252339,0.024953456851017915,-0.5397205016519238,0.0006821109491143656,-0.00021161983208655517
17.961100000000123,19.91351662301491,102.02525328568589,0.02460032969045096,-0.5345444699859336,0.0006716629808969045,-0.0002063334165044506
18.011100000000123,19.914737932225215,101.99865560608212,0.02425299103288343,-0.5293618018476424,0.0006614742136183501,-0.0002012506346471361
18.061100000000124,19.915942016133915,101.97231717785426,0.023911293487745306,-0.5241747895774364,0.0006515346388114461,-0.00019636457327742424
18.111100000000125,19.91712915321776,101.94623816274299,0.023575094733646256,-0.5189856373334192,0.000641834591279761,-0.00019166841603308874
18.161100000000125,19.918299614961313,101.92041861443144,0.023244257381593476,-0.5137964636849164,0.0006323647440741551,-0.00018715545051388614
18.211100000000126,19.91945366610014,101.89485848276128,0.022918648838148797,-0.5086093041378449,0.0006231161031303707,-0.0001828190747530393
18.261100000000127,19.92059156485718,101.86955761782409,0.022598141168788038,-0.503426113593629,0.0006140800015980482,-0.00017865280309185025
18.311100000000128,19.921713563172283,101.84451577393146,0.022282610961715545,-0.49824876874330354,0.0006052480938905008,-0.00017465027147825642
18.36110000000013,19.922819906924946,101.81973261346704,0.021971939192368714,-0.49307907039840754,0.0005966123494835386,-0.00017080524220971225
18.41110000000013,19.923910836150323,101.79520771062344,0.021666011088832513,-0.48791874576023136,0.0005881650464906079,-0.000167111608141133
18.46110000000013,19.924986585248497,101.77094055502737,0.021364715998369515,-0.4827694506289472,0.000579898765040472,-0.00016356339637890006
18.51110000000013,19.92604738318714,101.74693055525557,0.02106794725525791,-0.47763277155411177,0.00057180638048259,-0.00016015477148245783
18.56110000000013,19.927093453697584,101.72317704224491,0.020775602050112897,-0.47251022792799774,0.0005638810564442957,-0.00015688003819414053
18.611100000000132,19.928125015464413,101.69967927259896,0.020487581300856997,-0.4674032740231745,0.0005561162377628291,-0.00015373364371895807
18.661100000000133,19.929142282308636,101.67643643179424,0.020203789525488628,-0.46231330097572626,0.0005485056433141934,-0.0001507101795750981
18.711100000000133,19.930145463364543,101.65344763728858,0.01992413471678719,-0.45724163871545986,0.0005410432587597832,-0.00014780438303621694
18.761100000000134,19.931134763250366,101.63071194153422,0.019648528219080613,-0.4521895578444254,0.0005337233292306634,-0.00014501113818643995
18.811100000000135,19.932110382232818,101.60822833489827,0.019376884607188113,-0.4471582714650395,0.0005265403519683609,-0.0001423254766083148
18.861100000000135,19.933072516385625,101.5859957484931,0.0191091215676411,-0.4421489369590702,0.0005194890689400073,-0.00013974257772417697
18.911100000000136,19.934021357742214,101.56401305691882,0.01884515978227295,-0.43716265771871327,0.0005125644594446648,-0.0001372577688106669
18.961100000000137,19.934957094442602,101.5422790809205,0.018584922814258005,-0.43220048483095935,0.0005057617327266933,-0.00013486652470584668
19.011100000000138,19.935879910874668,101.5207925899622,0.01832833699667125,-0.4272634187164227,0.0004990763206110404,-0.00013256446722829005
19.06110000000014,19.936789987809924,101.49955230472037,0.01807533132362859,-0.42235241072377605,0.0004925038701743944,-0.00013034736432653525
19.11110000000014,19.937687502533894,101.47855689949839,0.017825837344059684,-0.417468364680905,0.0004860402364652229,-0.00012821112897720512
19.16110000000014,19.93857262897125,101.45780500456473,0.01757978905815583,-0.4126121384038729,0.0004796814752848225,-0.00012615181784939844
19.21110000000014,19.93944553780586,101.43729520841671,0.01733712281652854,-0.4077845451647576,0.0004734238360406222,-0.00012416562975290968
19.26110000000014,19.940306396595822,101.4170260599718,0.017097777222103434,-0.40298635511939723,0.0004672637546821473,-0.00012224890388635702
19.311100000000142,19.941155369883706,101.3969960706886,0.016861693034770593,-0.3982182966960585,0.0004611978467292252,-0.00012039811790199539
19.361100000000143,19.94199261930206,101.37720371661923,0.01662881307880223,-0.3934810579460139,0.0004552229004012187,-0.00011860988580246076
19.411100000000143,19.942818303674375,101.35764744039528,0.016399082153042917,-0.3887752878569921,0.00044933586985530615,-0.0001168809556844422
19.461100000000144,19.94363257911164,101.33832565314883,0.01617244694387259,-0.38410159763044355,0.0004435338685410964,-0.00011520820734411883
19.511100000000145,19.94443559910458,101.31923673637058,0.01594885594093447,-0.3794605619235375,0.0004378141626781454,-0.00011358864975793322
19.561100000000145,19.945227514611783,101.3003790437068,0.01572825935561597,-0.3748527200567883,0.0004321741648622659,-0.00011201941845216798
19.611100000000146,19.946008474143806,101.28175090269656,0.015510609042265817,-0.3702785771881833,0.00042661142780586856,-0.00011049777277428251
19.661100000000147,19.9467786238434,101.26335061645129,0.015295858422124374,-0.36573860545466685,0.0004211236382169438,-0.00010902109307795752
19.711100000000148,19.947538107562025,101.24517646527792,0.015083962409941387,-0.36123324508181326,0.0004157086108206959,-0.0001075868778337599
19.761100000000148,19.948287066932732,101.22722670824731,0.014874877343250421,-0.3567629054624987,0.0004103642825272748,-0.00010619274067646397
19.81110000000015,19.949025641439594,101.20949958470963,0.014668560914265195,-0.35232796620536766,0.0004050887067485071,-0.00010483640739946927
19.86110000000015,19.949753968483794,101.1919933157579,0.014464972104361191,-0.3479287781538649,0.0003998800478660092,-0.00010351571290666288
19.91110000000015,19.950472183446493,101.17470610564142,0.014264071121100138,-0.34356566437658875,0.0003947365758525861,-0.0001022285981307547
19.96110000000015,19.95118041974862,101.15763614313033,0.014065819337755602,-0.33923892112970155,0.00038965666104834806,-0.00010097310692762491
20.01110000000015,19.9518788089077,101.14078160283273,0.013870179235291411,-0.3349488187921158,0.00038463876909254673,-9.97473829545284e-05
20.061100000000152,19.952567480591828,101.12414064646572,0.013677114346746082,-0.33069560277415694,0.0003796814560117285,-9.854966654060574e-05
20.111100000000153,19.953246562670945,101.10771142408164,0.013486589203972141,-0.3264794944003857,0.0003747833634644001,-9.737829155699665e-05
20.161100000000154,19.953916181265484,101.09149207525087,0.013298569286677482,-0.3223006917672483,0.000369943214142056,-9.62316822933745e-05
20.211100000000155,19.954576460792545,101.0754807302022,0.01311302097371594,-0.31815937057620425,0.00036515980732607523,-9.510835034773048e-05
20.261100000000155,19.955227524009672,101.05967551092237,0.0129299114965714,-0.31405568494296715,0.00036043201459967335,-9.40068915353297e-05
20.311100000000156,19.95586949205637,101.04407453221553,0.012749208894979006,-0.30998976818347823,0.00035575877571381086,-9.29259828224295e-05
20.361100000000157,19.956502484493452,101.02867590272407,0.012570881974626923,-0.3059617335772151,0.0003511390946056816,-9.186437929016654e-05
20.411100000000157,19.957126619340325,101.01347772591186,0.012394900266879736,-0.30197167510842804,0.0003465720355681599,-9.082091113310755e-05
20.461100000000158,19.957742013110302,100.99847810101085,0.012221233990466021,-0.2980196681858755,0.0003420567195683528,-8.979448069719082e-05
20.51110000000016,19.958348780844048,100.98367512393239,0.012049854015071262,-0.2941057703416218,0.000337592320713186,-8.87840595610726e-05
20.56110000000016,19.95894703614127,100.96906688814394,0.011880731826776545,-0.2902300219094441,0.00033317806285976514,-8.778868566440756e-05
20.61110000000016,19.9595368911907,100.95465148551249,0.011713839495283401,-0.2863924466833798,0.00032881321636808085,-8.680746048621318e-05
20.66110000000016,19.960118456798494,100.94042700711543,0.011549149642867884,-0.2825930525569388,0.00032449709499346826,-8.583954627695217e-05
20.71110000000016,19.960691842415123,100.92639154402006,0.011386635415002786,-0.27883183214348384,0.00032022905291607744,-8.488416334631679e-05
20.761100000000162,19.961257156160826,100.91254318803243,0.011226270452590512,-0.27510876337827783,0.0003160084819045071,-8.394058740938434e-05
20.811100000000163,19.96181450484973,100.89888003241654,0.011068028865749067,-0.2714238101026784,0.0003118348086106198,-8.300814699337993e-05
20.861100000000164,19.962363994012673,100.88540017258487,0.010911885209092028,-0.2677769226309521,0.00030770749199248213,-8.208622090635904e-05
20.911100000000165,19.96290572791885,100.87210170676083,0.01075781445844791,-0.26416803830016633,0.00030362602086227034,-8.11742357700373e-05
20.961100000000165,19.963439809596327,100.85898273661431,0.010605791988960053,-0.26059708200360876,0.00029958991155592385,-8.027166361724506e-05
21.011100000000166,19.963966340851467,100.84604136787077,0.010455793554513896,-0.2570639667081692,0.0002955987057212722,-7.937801955573005e-05
21.061100000000167,19.964485422287396,100.83327571089502,0.01030779526843621,-0.2535685939561097,0.00029165196822130226,-7.849285949885252e-05
21.111100000000167,19.964997153321516,100.8206838812502,0.010161773585412651,-0.2501108543516412,0.00028774928514920445,-7.761577796377536e-05
21.161100000000168,19.965501632202137,100.80826400023285,0.01001770528457114,-0.24669062803270753,0.000283890261951814,-7.674640593758502e-05
21.21110000000017,19.96599895602431,100.7960141953847,0.009875567453679627,-0.24330778512837614,0.0002800745216580413,-7.588440881160537e-05
21.26110000000017,19.96648922074488,100.78393260098197,0.009735337474407692,-0.2399621862022162,0.0002763017032088805,-7.502948438391968e-05
21.31110000000017,19.96697252119683,100.77201735850286,0.009596993008603418,-0.23665368268204354,0.0002725714598855844,-7.418136093022563e-05
21.36110000000017,19.967448951102977,100.7602666170739,0.009460511985535762,-0.23338211727639607,0.00026888345783260525,-7.333979534226569e-05
21.41110000000017,19.96791860308904,100.74867853389568,0.009325872590057056,-0.230147324378098,0.00026523737467191966,-7.25045713338995e-05
21.461100000000172,19.968381568696138,100.73725127464895,0.009193053251639495,-0.22694913045526008,0.00026163289820537534,-7.167549771416535e-05
21.511100000000173,19.968837938392763,100.7259830138812,0.009062032634240703,-0.22378735443005504,0.00025806972520172434,-7.085240672653339e-05
21.561100000000174,19.969287801586276,100.7148719353748,0.008932789626956627,-0.2206618080456011,0.0002545475602650465,-7.003515245403185e-05
21.611100000000175,19.969731246633938,100.70391623249704,0.008805303335416903,-0.2175722962212725,0.000251066114781306,-6.922360928848823e-05
21.661100000000175,19.97016836085354,100.6931141085326,0.008679553073885904,-0.21451861739675493,0.00024762510593983765,-6.841767046409427e-05
21.711100000000176,19.970599230533647,100.68246377699924,0.008555518358027203,-0.21150056386515004,0.00024422425582658704,-6.761724665336342e-05
21.761100000000177,19.971023940943507,100.67196346194699,0.00843317889829468,-0.20851792209542902,0.0002408632905860102,-6.682226462475386e-05
21.811100000000177,19.971442576342632,100.66161139824149,0.008312514593913833,-0.20557047304452547,0.00023754193964856923,-6.603266596086482e-05
21.861100000000178,19.9718552199901,100.65140583183204,0.008193505527416343,-0.2026579924593531,0.00023425993502084225,-6.524840583551333e-05
21.91110000000018,19.97226195415359,100.64134502000472,0.00807613195969587,-0.19978025116902243,0.00023101701063531972,-6.446945184904518e-05
21.96110000000018,19.972662860118202,100.63142723162122,0.007960374325550202,-0.1969370153675287,0.00022781290175701846,-6.369578291994173e-05
22.01110000000018,19.973058018195026,100.62165074734366,0.007846213229679336,-0.19412804688717228,0.0002246473444441309,-6.29273882317099e-05
22.06110000000018,19.973447507729567,100.61201385984609,0.007733629443108764,-0.19135310346296863,0.0002215200750599787,-6.216426623353955e-05
22.11110000000018,19.973831407109973,100.60251487401287,0.00762260390000885,-0.1886119389882959,0.00021843082983361733,-6.140642369329928e-05
22.161100000000182,19.974209793775113,100.59315210712458,0.007513117694882099,-0.18590430376202585,0.00021537934446651816,-6.065387480133094e-05
22.211100000000183,19.974582744222545,100.58392388903172,0.007405152080091734,-0.1832299447273732,0.00021236535378281552,-5.9906640323613114e-05
22.261100000000184,19.97495033401634,100.57482856231672,0.007298688463706526,-0.18058860570269547,0.00020938859142069423,-5.91647468029523e-05
22.311100000000184,19.975312637794836,100.56586448244452,0.007193708407636107,-0.17798002760446827,0.0002064487895625539,-5.8428225806304255e-05
22.361100000000185,19.975669729278263,100.55703001790229,0.007090193626034692,-0.17540394866265505,0.0002035456787016769,-5.769711321707875e-05
22.411100000000186,19.976021681276347,100.54832355032852,0.006988125983951098,-0.17286010462868528,0.00020067898744318964,-5.697144857095761e-05
22.461100000000187,19.976368565695815,100.53974347463189,0.006887487496202102,-0.1703482289762499,0.00019784844233718647,-5.625127443316424e-05
22.511100000000187,19.976710453547852,100.5312881991003,0.0067882603264515975,-0.1678680530951168,0.00019505376774196925,-5.553663581645363e-05
22.561100000000188,19.977047414955543,100.52295614550034,0.0066904267864747215,-0.1654193064781621,0.00019229468571541126,-5.4827579637803245e-05
22.61110000000019,19.97737951916124,100.51474574916762,0.006593969335589033,-0.1630017169018134,0.00018957091593255044,-5.4124154212368724e-05
22.66110000000019,19.977706834533947,100.50665545908815,0.006498870580236652,-0.16061501060008976,0.00018688217562757518,-5.342640878354891e-05
22.71110000000019,19.97802942857666,100.49868373797136,0.0064051132736998116,-0.15825891243242218,0.0001842281795584448,-5.2734393087300334e-05
22.76110000000019,19.978347367933715,100.49082906231465,0.006312680315935869,-0.15593314604543318,0.00018160863999245924,-5.204815694966197e-05
22.81110000000019,19.978660718398096,100.48308992246014,0.006221554753516081,-0.1536374340288477,0.00017902326671115788,-5.136774991569723e-05
22.861100000000192,19.978969544918794,100.47546482264377,0.006131719779656153,-0.15137149806570555,0.00017647176703300795,-5.069322090892587e-05
22.911100000000193,19.97927391160812,100.46795228103697,0.006043158734324181,-0.14913505907703917,0.00017395384585239645,-5.002461791939096e-05
22.961100000000194,19.97957388174907,100.46055082978124,0.0059558551044155686,-0.14692783736117776,0.00017146920569352132,-4.936198771947602e-05
23.011100000000194,19.97986951780264,100.45325901501595,0.005869792523982552,-0.14474955272783233,0.00016901754677783317,-4.870537560580479e-05
23.061100000000195,19.980160881415234,100.44607539689946,0.005784954774508833,-0.14259992462711588,0.0001665985671037495,-4.805482516622074e-05
23.111100000000196,19.98044803342601,100.43899854962405,0.005701325785219326,-0.1404786722736445,0.00016421196253742337,-4.7410378070517176e-05
23.161100000000197,19.9807310338743,100.43202706142466,0.0056188896334153395,-0.13838551476586564,0.00016185742691340966,-4.677207388350272e-05
23.211100000000197,19.98100994200699,100.42515953458181,0.005537630544828132,-0.13632017120075274,0.00015953465214413526,-4.613994989961676e-05
23.261100000000198,19.981284816285996,100.4183945854189,0.00545753289398226,-0.13428236078400288,0.00015724332833713032,-4.551404099768755e-05
23.3111000000002,19.981555714395665,100.4117308442941,0.00537858120456125,-0.13227180293587126,0.00015498314391904455,-4.48943795146228e-05
23.3611000000002,19.98182269325028,100.4051669555871,0.0053007601497703895,-0.13028821739277074,0.0001527537857655168,-4.428099513735089e-05
23.4111000000002,19.98208580900152,100.39870157768084,0.005224054552688584,-0.12833132430476568,0.00015055493933602976,-4.3673914811357214e-05
23.4611000000002,19.98234511704598,100.39233338293842,0.005148449386606039,-0.12640084432907847,0.00014838628881292494,-4.3073162665471566e-05
23.5111000000002,19.982600672032678,100.38606105767553,0.005073929775341244,-0.12449649871973249,0.00014624751724380842,-4.247875995146401e-05
23.561100000000202,19.98285252787059,100.37988330212848,0.005000480993532844,-0.12261800941344485,0.00014413830668662042,-4.189072499753632e-05
23.611100000000203,19.9831007377362,100.37379883041791,0.004928088466903773,-0.12076509911188466,0.0001420583383566963,-4.130907317522144e-05
23.661100000000204,19.983345354081067,100.36780637050863,0.0048567377724916495,-0.11893749136040499,0.00014000729277517863,-4.0733816878104674e-05
23.711100000000204,19.98358642863938,100.36190466416551,0.004786414638844085,-0.11713491062335761,0.00013798484991820587,-4.016496551208163e-05
23.761100000000205,19.98382401243555,100.35609246690572,0.004717104946175515,-0.11535708235609385,0.00013599068936631688,-3.960252549617677e-05
23.811100000000206,19.984058155791796,100.35036854794744,0.004648794726483163,-0.11360373307375411,0.0001340244904535694,-3.904650027316918e-05
23.861100000000206,19.984288908335728,100.34473169015524,0.004581470163619519,-0.11187459041694346,0.0001320859324158988,-3.849689032913159e-05
23.911100000000207,19.98451631900795,100.3391806899822,0.004515117593319587,-0.11016938321439308,0.00013017469453829297,-3.795369322118893e-05
23.961100000000208,19.984740436069643,100.33371435740901,0.004449723503182099,-0.1084878415426959,0.0001282904563003826,-3.7416903613020864e-05
24.01110000000021,19.984961307110176,100.32833151588014,0.004385274532603174,-0.10682969678321295,0.00012643289752007817,-3.688651331737062e-05
24.06110000000021,19.985178979054666,100.32303100223726,0.0043217574726606344,-0.10519468167623575,0.00012460169849492575,-3.636251134468331e-05
24.11110000000021,19.98539349817158,100.31781166664994,0.0042591592659492975,-0.10358253037249279,0.0001227965401408833,-3.5844883957588467e-05
24.16110000000021,19.985604910080294,100.31267237254396,0.004197467006366422,-0.10199297848208241,0.00012101710412823839,-3.5333614730559684e-05
24.21110000000021,19.985813259758665,100.3076119965271,0.004136667938846561,-0.10042576312091579,0.00011926307301443196,-3.4828684614066825e-05
24.261100000000212,19.986018591550557,100.30262942831283,0.004076749459046743,-0.09888062295474793,0.00011753413037356466,-3.4330072003005546e-05
24.311100000000213,19.986220949173383,100.29772357064166,0.004017699112980868,-0.09735729824087451,0.00011582996092239007,-3.3837752808552185e-05
24.361100000000214,19.9864203757256,100.29289333920066,0.003959504596605094,-0.0958555308675701,0.0001141502506426352,-3.3351700533422686e-05
24.411100000000214,19.986616913694213,100.2881376625409,0.003902153755353062,-0.09437506439133996,0.00011249468689948737,-3.2871886349631024e-05
24.461100000000215,19.986810604962216,100.28345548199322,0.0038456345836225137,-0.09291564407205752,0.00011086295855613634,-3.239827917861981e-05
24.511100000000216,19.987001490816034,100.27884575158212,0.003789935224213911,-0.09147701690605586,0.00010925475608425714,-3.19308457733432e-05
24.561100000000216,19.98718961195294,100.27430743793832,0.0037350439677222456,-0.09005893165724124,0.00010766977167034605,-3.1469550802044647e-05
24.611100000000217,19.987375008488403,100.26983952020946,0.0036809492518813567,-0.08866113888629319,0.00010610769931784482,-3.1014356932893904e-05
24.661100000000218,19.98755771996346,100.26544098996968,0.0036276396608645608,-0.08728339097801543,0.00010456823494499748,-3.0565224919993434e-05
24.71110000000022,19.987737785351985,100.26111085112774,0.0035751039245398163,-0.08592544216689882,0.00010305107647839985,-3.0122113689576488e-05
24.76110000000022,19.987915243067988,100.25684811983395,0.003523330917682905,-0.0845870485609571,0.00010155592394222538,-2.9684980426799055e-05
24.81110000000022,19.98809013097281,100.2526518243859,0.0034723096591484717,-0.08326796816389316,0.00010008247954311033,-2.925378066243236e-05
24.86110000000022,19.98826248638233,100.24852100513316,0.0034220293110012855,-0.08196796089565303,9.863044775070564e-05,-2.8828468359516693e-05
24.91110000000022,19.988432346074077,100.24445471438102,0.003372479177608332,-0.08068678861142246,9.71995353739077e-05,-2.8408995999519232e-05
24.961100000000222,19.98859974629435,100.24045201629325,0.003323648704693663,-0.07942421511911972,9.578945163279406e-05,-2.7995314667931233e-05
25.011100000000223,19.988764722765247,100.23651198679407,0.003275527478357115,-0.07818000619543736,9.439990822630006e-05,-2.758737413900385e-05
25.061100000000224,19.988927310691647,100.23263371346934,0.0032281052240589773,-0.0769539296004824,9.303061939567977e-05,-2.7185122959619416e-05
25.111100000000224,19.989087544768175,100.22881629546704,0.0031813718055715,-0.0757457550910654,9.168130198380247e-05,-2.678850853194354e-05
25.161100000000225,19.989245459186076,100.22505884339716,0.0031353172238994093,-0.07455525443268483,9.035167549034744e-05,-2.6397477194897727e-05
25.211100000000226,19.989401087640054,100.22136047923097,0.0030899316161702266,-0.07338220141025487,8.904146212296026e-05,-2.6011974304088558e-05
25.261100000000226,19.98955446333505,100.21772033619978,0.003045205254496965,-0.07222637183761953,8.775038684444953e-05,-2.5631944310376495e-05
25.311100000000227,19.98970561899296,100.21413755869332,0.0030011285448134474,-0.07108754356589977,8.647817741609742e-05,-2.5257330836576446e-05
25.361100000000228,19.989854586859302,100.21061130215772,0.0029576920256855726,-0.0699654964907131,8.522456443717535e-05,-2.4888076752724364e-05
25.41110000000023,19.9900013987098,100.20714073299301,0.0029148863670985883,-0.06886001255830922,8.398928138074142e-05,-2.452412424937107e-05
25.46110000000023,19.990146085856953,100.2037250284506,0.0028727023692225154,-0.06777087577066064,8.277206462582035e-05,-2.4165414909009453e-05
25.51110000000023,19.990288679156485,100.2003633765303,0.002831130961157228,-0.06669787218954826,8.157265348606313e-05,-2.381188977555923e-05
25.56110000000023,19.990429209013776,100.19705497587726,0.0027901631996588476,-0.06564078993967833,8.039079023497742e-05,-2.346348942189765e-05
25.61110000000023,19.99056770539021,100.1937990356788,0.0027497902678489524,-0.0645994192108692,7.922622012783368e-05,-2.3120154015389e-05
25.661100000000232,19.990704197809457,100.19059477556104,0.0027100034739072076,-0.0635735522593417,7.807869142035e-05,-2.2781823381115843e-05
25.711100000000233,19.990838715363697,100.18744142548567,0.002670794249750379,-0.0625629834081495,7.694795538426563e-05,-2.244843706323499e-05
25.761100000000233,19.99097128671977,100.18433822564654,0.002632154149698334,-0.06156750904678154,7.583376631989604e-05,-2.211993438419171e-05
25.811100000000234,19.99110194012526,100.18128442636639,0.002594074849127925,-0.060586927629970526,7.473588156578783e-05,-2.1796254501626475e-05
25.861100000000235,19.991230703414526,100.17827928799365,0.0025565481431176302,-0.05962103967573756,7.365406150557388e-05,-2.1477336463419332e-05
25.911100000000236,19.99135760401464,100.17532208079928,0.0025195659450821363,-0.05866964776270517,7.258806957213857e-05,-2.116311926022843e-05
25.961100000000236,19.991482668951278,100.1724120848739,0.0024831202854001646,-0.057732556526707564,7.153767224920433e-05,-2.0853541876124956e-05
26.011100000000237,19.991605924854525,100.16954859002497,0.0024472033100360626,-0.056809572656726565,7.050263907043975e-05,-2.0548543337115768e-05
26.061100000000238,19.991727397964627,100.1667308956743,0.002411807279155674,-0.055900504890182716,6.948274261619678e-05,-2.0248062757350684e-05
26.11110000000024,19.99184711413767,100.16395831075569,0.002376924565739087,-0.055005164007607826,6.847775850798924e-05,-1.9952039383460043e-05
26.16110000000024,19.99196509885117,100.16123015361298,0.002342547654189933,-0.0541233628267244,6.748746540080653e-05,-1.9660412636601003e-05
26.21110000000024,19.992081377209633,100.1585457518983,0.0023086691389433336,-0.0532549161959594,6.651164497337813e-05,-1.9373122152535075e-05
26.26110000000024,19.992195973949997,100.15590444247078,0.00227528172307357,-0.05239964098741574,6.555008191648123e-05,-1.9090107819770593e-05
26.31110000000024,19.992308913447044,100.15330557129549,0.0022423782169017008,-0.051557356089325816,6.46025639193952e-05,-1.881130981555858e-05
26.361100000000242,19.992420219718728,100.15074849334285,0.0022099515366050117,-0.050727882398010696,6.366888165460264e-05,-1.8536668640047803e-05
26.411100000000243,19.992529916431423,100.14823257248842,0.0021779947028287084,-0.04991104280936717,6.274882876083169e-05,-1.8266125148475073e-05
26.461100000000243,19.992638026905123,100.1457571814132,0.002146500839300637,-0.04910666220990405,6.184220182453791e-05,-1.799962058139355e-05
26.511100000000244,19.992744574118557,100.14332170150425,0.0021154631714507765,-0.04831456746735047,6.094880035991688e-05,-1.7737096593243115e-05
26.561100000000245,19.992849580714235,100.14092552275595,0.0020848750250351297,-0.04753458742085453,6.0068426787537875e-05,-1.7478495278946864e-05
26.611100000000246,19.99295306900344,100.13856804367164,0.0020547298247659595,-0.046766552870794044,5.9200886411686547e-05,-1.7223759198923997e-05
26.661100000000246,19.993055060971134,100.13624867116583,0.0020250210929480886,-0.046010296568217486,5.834598739650459e-05,-1.6972831402257406e-05
26.711100000000247,19.9931555782808,100.13396682046692,0.0019957424481226644,-0.045265653203934365,5.750354074101023e-05,-1.6725655448268198e-05
26.761100000000248,19.993254642279233,100.13172191502053,0.001966887603719003,-0.044532459397272406,5.6673360253078804e-05,-1.6482175426528476e-05
26.81110000000025,19.993352274001243,100.12951338639336,0.0019384503667144624,-0.04381055368451959,5.585526252246718e-05,-1.6242335975154498e-05
26.86110000000025,19.9934484941743,100.12734067417755,0.0019104246363041773,-0.04309977650706838,5.504906689295516e-05,-1.600608229779797e-05
26.91110000000025,19.993543323223104,100.12520322589586,0.0018828044025802576,-0.04239997019927628,5.425459543367704e-05,-1.5773360179098152e-05
26.96110000000025,19.993636781274116,100.12310049690724,0.0018555837452211084,-0.041710978976062234,5.347167290971601e-05,-1.554411599868108e-05
27.01110000000025,19.993728888159986,100.12103195031315,0.0018287568321913297,-0.04103264892025027,5.270012675203395e-05,-1.5318296743745215e-05
27.061100000000252,19.993819663423942,100.11899705686449,0.0018023179184537743,-0.04036482796967788,5.193978702680011e-05,-1.5095850020618443e-05
27.111100000000253,19.993909126324116,100.11699529486913,0.0017762613446919149,-0.039707365904082435,5.119048640418076e-05,-1.4876724064651851e-05
27.161100000000253,19.993997295837783,100.1150261501002,0.0017505815360453728,-0.03906011433177954,5.045206012665839e-05,-1.4660867749236699e-05
27.211100000000254,19.994084190665564,100.11308911570501,0.0017252730008574888,-0.03842292667614673,4.9724345976932006e-05,-1.4448230593547118e-05
27.261100000000255,19.994169829235553,100.11118369211457,0.0017003303294353515,-0.03779565816192525,4.900718424545803e-05,-1.4238762769079974e-05
27.311100000000256,19.994254229707376,100.10930938695391,0.0016757481928232432,-0.03717816580135341,4.8300417697691913e-05,-1.4032415105236579e-05
27.361100000000256,19.994337409976215,100.10746571495308,0.0016515213415897903,-0.036570308380141664,4.760389154107147e-05,-1.3829139093994341e-05
27.411100000000257,19.994419387676732,100.10565219785879,0.0016276446046278904,-0.035971946443303475,4.691745339179796e-05,-1.3628886893361176e-05
27.461100000000258,19.994500180186975,100.10386836434681,0.0016041128879690472,-0.03538294228085099,4.624095324146332e-05,-1.3431611330079235e-05
27.51110000000026,19.994579804632192,100.10211374993509,0.0015809211736115215,-0.03480315991336797,4.557424342356533e-05,-1.3237265901385332e-05
27.56110000000026,19.99465827788861,100.10038789689756,0.0015580645183630008,-0.03423246507746914,4.4917178579954756e-05,-1.304580477602953e-05
27.61110000000026,19.994735616587146,100.09869035417877,0.0015355380526970183,-0.03367072521115795,4.426961562725462e-05,-1.2857182794317291e-05
27.66110000000026,19.99481183711705,100.09702067730913,0.0015133369796245446,-0.03311780943909049,4.3631413723292776e-05,-1.2671355467605962e-05
27.71110000000026,19.99488695562952,100.09537842832094,0.0014914565735799623,-0.03257358855775632,4.3002434233577805e-05,-1.2488278977026206e-05
27.761100000000262,19.994960988041235,100.0937631756652,0.0014698921793216211,-0.03203793502058435,4.238254069785771e-05,-1.2307910171499732e-05
27.811100000000263,19.995033950037847,100.09217449412913,0.0014486392108472924,-0.031510722922983694,4.1771598796791824e-05,-1.2130206565169074e-05
27.861100000000263,19.995105857077416,100.09061196475443,0.0014276931503244112,-0.03099182798732714,4.1169476318766695e-05,-1.1955126334226165e-05
27.911100000000264,19.995176724393797,100.08907517475635,0.001407049547035335,-0.030481127547884745,4.0576043126883425e-05,-1.1782628313236827e-05
27.961100000000265,19.99524656699996,100.0875637174434,0.0013867040163372947,-0.029978500535717278,3.9991171126143485e-05,-1.1612671990893618e-05
28.011100000000265,19.99531539969128,100.08607719213798,0.0013666522386370748,-0.029483827463535436,3.941473423085832e-05,-1.1445217505243112e-05
28.061100000000266,19.99538323704875,100.08461520409759,0.0013468899583812149,-0.028996990410532195,3.884660833230765e-05,-1.1280225638662628e-05
28.111100000000267,19.995450093442166,100.08317736443695,0.0013274129830601617,-0.028517873007196194,3.828667126666154e-05,-1.1117657812157258e-05
28.161100000000268,19.99551598303326,100.08176329005077,0.0013082171822282065,-0.02804636042011262,3.7734802783193946e-05,-1.0957476079570367e-05
28.21110000000027,19.995580919778774,100.08037260353737,0.001289298486537158,-0.027582339336756467,3.719088451279929e-05,-1.0799643121140609e-05
28.26110000000027,19.99564491743348,100.07900493312297,0.001270652886785508,-0.027125697950287384,3.66547999368359e-05,-1.0644122236981378e-05
28.31110000000027,19.995707989553186,100.07765991258682,0.0012522764329819728,-0.0266763259443495,3.612643435630171e-05,-1.0490877340199288e-05
28.36110000000027,19.995770149497652,100.07633718118703,0.0012341652334229047,-0.026234114477882407,3.560567486136728e-05,-1.0339872949553501e-05
28.41110000000027,19.995831410433496,100.07503638358719,0.0012163154537853564,-0.025798956169950107,3.509241030127331e-05,-1.0191074182247443e-05
28.461100000000272,19.995891785337033,100.07375716978378,0.001198723316233298,-0.025370745084592125,3.458653125460103e-05,-1.0044446746158276e-05
28.511100000000273,19.995951286997084,100.07249919503424,0.0011813850985390225,-0.02494937671570195,3.408792999992981e-05,-9.899956932175664e-06
28.561100000000273,19.996009928017727,100.0712621197859,0.0011642971332172518,-0.02453474797193728,3.3596500486891414e-05,-9.757571605961889e-06
28.611100000000274,19.99606772082102,100.07004560960559,0.0011474558066745467,-0.0241267571616682,3.311213830762987e-05,-9.617258199977215e-06
28.661100000000275,19.996124677649668,100.06884933511004,0.0011308575583719904,-0.023725303977966086,3.263474066866861e-05,-9.478984705223208e-06
28.711100000000275,19.99618081056966,100.06767297189705,0.0011144988800014266,-0.023330289483637925,3.216420636319212e-05,-9.34271966285134e-06
28.761100000000276,19.996236131472855,100.06651620047731,0.0010983763146749466,-0.02294161609631125,3.17004357437514e-05,-9.208432155609685e-06
28.811100000000277,19.996290652079544,100.06537870620708,0.001082486456128426,-0.02255918757357197,3.124333069539532e-05,-9.076091799431967e-06
28.861100000000278,19.996344383940947,100.06426017922156,0.0010668259479374713,-0.022182908998159903,3.0792794609227707e-05,-8.945668734742981e-06
28.91110000000028,19.996397338441696,100.06316031436899,0.0010513914827472847,-0.021812686763224842,3.0348732356394426e-05,-8.817133617997514e-06
28.96110000000028,19.996449526802262,100.06207881114547,0.0010361798015139556,-0.0214484285576478,2.9911050262504664e-05,-8.690457612771178e-06
29.01110000000028,19.996500960081363,100.06101537363061,0.0010211876927601214,-0.02109004335142826,2.947965608248454e-05,-8.56561238135208e-06
29.06110000000028,19.99655164917831,100.05996971042376,0.001006411991841608,-0.02073744138114395,2.905445897586318e-05,-8.442570075881791e-06
29.11110000000028,19.996601604835345,100.0589415345811,0.000991849580227555,-0.020390534135482332,2.8635369482493615e-05,-8.321303329863525e-06
29.161100000000282,19.996650837639912,100.05793056355337,0.000977497384791763,-0.02004923434085015,2.8222299498701195e-05,-8.20178524942353e-06
29.211100000000283,19.996699358026927,100.05693651912433,0.0009633523771165925,-0.019713455947060497,2.781516225386707e-05,-8.083989404790434e-06
29.261100000000283,19.996747176280987,100.05595912735,0.0009494115728085768,-0.01938311411310207,2.7413872287435395e-05,-7.967889821806438e-06
29.311100000000284,19.996794302538557,100.05499811849845,0.0009356720308249961,-0.01905812519299251,2.701834542634842e-05,-7.853460973308344e-06
29.361100000000285,19.996840746790113,100.05405322699052,0.0009221308528127447,-0.018738406721717244,2.6628498762903384e-05,-7.740677770842995e-06
29.411100000000285,19.996886518882274,100.05312419134106,0.0009087851824580849,-0.018423877401257564,2.6244250633025742e-05,-7.629515556358472e-06
29.461100000000286,19.99693162851988,100.05221075410093,0.0008956322048468277,-0.01811445708670788,2.5865520594959167e-05,-7.519950093795844e-06
29.511100000000287,19.99697608526805,100.05131266179967,0.0008826691458363014,-0.0178100667724862,2.5492229408368586e-05,-7.411957561052713e-06
29.561100000000287,19.99701989855419,100.05042966488895,0.0008698932714374215,-0.017510628578637482,2.51242990138433e-05,-7.305514541874017e-06
29.611100000000288,19.99706307767001,100.04956151768654,0.0008573018872073557,-0.017216065737233967,2.4761652512806075e-05,-7.200598017878866e-06
29.66110000000029,19.99710563177347,100.0487079783211,0.0008448923376524729,-0.016926302578871802,2.4404214147815815e-05,-7.097185360691094e-06
29.71110000000029,19.997147569890714,100.04786880867759,0.0008326620056413931,-0.01664126451926676,2.4051909283262008e-05,-6.995254324177e-06
29.76110000000029,19.997188900917983,100.04704377434332,0.0008206083118278963,-0.016360878045949944,2.370466438644521e-05,-6.894783036777001e-06
29.81110000000029,19.99722963362348,100.0462326445547,0.0008087287140837953,-0.016085070705065433,2.3362407009035406e-05,-6.795749994020262e-06
29.86110000000029,19.997269776649215,100.04543519214465,0.0007970207069412218,-0.015813771088269403,2.302506576890351e-05,-6.6981340511133155e-06
29.911100000000292,19.997309338512842,100.04465119349064,0.0007854818210442018,-0.015546908819734232,2.2692570332321317e-05,-6.60191441562203e-06
29.961100000000293,19.997348327609426,100.04388042846337,0.0007741096226095821,-0.015284414543256585,2.2364851396522007e-05,-6.507070640319775e-06
30.0,19.99737827028041,100.04328978730393,0.0007653758027474696,-0.015083171272405637,2.211314592110453e-05,-6.4342208949725615e-06
